id,module,page,function,priority,risk,destructive,related
F-001,Auth,Public,Production login and registration render,High,auth-security,false,
F-002,Auth,Groups,Unauthenticated group access shows sign-in gate,Critical,auth-security,false,
F-003,Auth,Forms,Account form controls and safe return paths with fixture configuration,High,auth-security,false,
F-004,Groups,Groups,Create a group with fixture backend,High,crud,false,
F-005,Chat,Chat,Send retries retain draft and deduplicate lost acknowledgements,Critical,data-loss,false,
F-006,Chat,Chat,Delete message confirmation and deleted marker,High,data-loss,false,
F-007,Groups,Invites,Create QR invitation and revoke fixture invite,High,auth-security,false,
F-008,Groups,Members,Kick vote removes member and owner permits reentry,High,auth-security,false,
F-009,Profile,Profile,Edit profile and avatar controls,Medium,crud,false,
F-010,Stories,Stories,Publish fixture text post and open seen update,High,crud,false,
F-011,Stories,Stories,Paged history and refresh reconcile deleted content,High,data-loss,false,
F-012,Stories,Stories,Type filters and manual/keyboard viewer navigation,Medium,search-filter,false,
F-013,Albums,Albums,Selected group view and album folder persist across refresh,High,navigation,false,
F-014,Board,Board,Drawing text tabs and personal undo interface,High,core-business,false,
F-015,AI,AI,Opt-in summary interface and invalid date range recovery,Medium,forms,false,
F-016,Music,Music,Queue selection host controls and natural-end retry with provider mocks,High,core-business,false,
F-017,Music,Music,Minimize keeps listening and same provider instance,High,data-loss,false,
F-018,Music,Library,Save/load deduplication and outsider denial in isolated SQL engine,High,auth-security,false,
F-019,Private chat,Private,Request acceptance and retryable private message sends,High,core-business,false,
F-020,Safety,Profile,Blocking closes private chat and unblock retry works with no groups,High,auth-security,false,
F-021,Themes,Appearance,Custom CSS import sandbox and safe mode,High,core-business,false,
F-022,Composer,Chat,Emoji image preview GIF favourites and dictation draft with browser mocks,Medium,core-business,false,
F-023,Sound,Group sounds,Persistent sender preferences and unsupported audio feedback,Medium,secondary,false,
F-024,Wallpaper,Room style,Local style persistence reduced motion and eight group switches,Medium,navigation,false,
F-025,Media,Storage,Private media permissions constraints story retention and canonical deletion in SQL engine,Critical,auth-security,false,
F-026,UI,All group pages,Tool rail remains reachable at tablet and narrow mobile widths,Medium,navigation,false,
F-027,Accessibility,Group header and tabs,Normal text contrast meets 4.5 to 1 reference,Medium,secondary,false,
F-028,Voice,Voice room,Physical microphone and cross-network relay audio,High,core-business,false,
F-029,Email,Registration,Outsider verification and reset email delivery,Critical,auth-security,false,
F-030,AI,Provider,Actual OpenRouter requests and weekly scheduler this run,High,core-business,false,
F-031,Board,Collaboration,Hosted concurrent multi-account editing this run,High,data-loss,false,
F-032,Private chat,SQL engine,Private chat SQL standalone harness,High,auth-security,false,
F-033,Browser,Compatibility,Physical Android screen reader and other browser engines,Medium,secondary,false,
